{
  "x": 894.5078125,
  "y": 15,
  "width": 119.5703125,
  "height": 14
}